Protein	Protein ID	Entry Name	Gene	Protein Description	Ratios HL	Median Log2 Ratios HL
sp|P51530|DNA2_HUMAN	P51530	DNA2_HUMAN	DNA2	DNA replication ATP-dependent helicase/nuclease DNA2	1	6.937315085649633
sp|P62829|RL23_HUMAN	P62829	RL23_HUMAN	RPL23	60S ribosomal protein L23	1	1.481832067109307
sp|P62280|RS11_HUMAN	P62280	RS11_HUMAN	RPS11	40S ribosomal protein S11	1	0.8438563738826562
sp|P68366|TBA4A_HUMAN	P68366	TBA4A_HUMAN	TUBA4A	Tubulin alpha-4A chain	1	1.4168056438559238
sp|P07437|TBB5_HUMAN	P07437	TBB5_HUMAN	TUBB	Tubulin beta chain	4	1.3360837424123069
sp|P63261|ACTG_HUMAN	P63261	ACTG_HUMAN	ACTG1	Actin, cytoplasmic 2	1	11.885639220154493
sp|Q15365|PCBP1_HUMAN	Q15365	PCBP1_HUMAN	PCBP1	Poly(rC)-binding protein 1	1	1.6727906812817193
sp|P68104|EF1A1_HUMAN	P68104	EF1A1_HUMAN	EEF1A1	Elongation factor 1-alpha 1	3	1.5442065117909365
sp|P13667|PDIA4_HUMAN	P13667	PDIA4_HUMAN	PDIA4	Protein disulfide-isomerase A4	1	0.12036587991100825
